"Txhash","Blockno","UnixTimestamp","DateTime","From","To","ContractAddress","Value_IN(ETH)","Value_OUT(ETH)","CurrentValue @ $0/Eth","TxnFee(ETH)","TxnFee(USD)","Historical $Price/Eth","Status","ErrCode"
"0x993a4973144d5481f575dbcf9221d4c9d5d3d8724c02ee768f5aca82629e5e82","18715237","1590438012","2020-05-25 20:20:12","0x5dbabe19dd1fedba1b20047059dcd755d8221bf7","","0xc08f617152e6b52590bd3d0b5f744da5a0dac91c","0","0","0","0.000679541","0","","","",""
"0x789d0862f0ec4767e15ebcef04d1fa224e965d07caf2dbcaab1f895d44c54b67","18715277","1590438212","2020-05-25 20:23:32","0x5dbabe19dd1fedba1b20047059dcd755d8221bf7","0xc08f617152e6b52590bd3d0b5f744da5a0dac91c","","0","0","0","0.000088529","0","","","",""
"0x8aff7e3ee3e6305e08da20696c531a6de1c20a62c5d4b5a04c683f37b69270e5","18715328","1590438468","2020-05-25 20:27:48","0x5dbabe19dd1fedba1b20047059dcd755d8221bf7","0xc08f617152e6b52590bd3d0b5f744da5a0dac91c","","0","0","0","0.000073529","0","","","",""
"0x901df1a7d6faf690df0aae4f39c7a34827f8a257b89340e88b688847f8927962","18715329","1590438472","2020-05-25 20:27:52","0x5dbabe19dd1fedba1b20047059dcd755d8221bf7","0xc08f617152e6b52590bd3d0b5f744da5a0dac91c","","0","0","0","0.000073529","0","","","",""
"0x1a20d7e42e50a845ea2983e43cf81dc785090ebf8a158915942b4dcd304c3e2a","18715342","1590438536","2020-05-25 20:28:56","0x5dbabe19dd1fedba1b20047059dcd755d8221bf7","0xc08f617152e6b52590bd3d0b5f744da5a0dac91c","","0","0","0","0.000073649","0","","","",""
"0x6f942d73f4991237ce426da41ccd208f3481f49970b474c13bae3da94daf8048","18740962","1590575268","2020-05-27 10:27:48","0x5dbabe19dd1fedba1b20047059dcd755d8221bf7","","0xc225c39790b448a42051ed5b90feec7d466589c3","0","0","0","0.004756188","0","","","",""
"0xecf93ec1eefc4e0582250e0cad3c6a8c13f34bc76c3a3862116563f3e9566737","18740999","1590575516","2020-05-27 10:31:56","0x5dbabe19dd1fedba1b20047059dcd755d8221bf7","0xc18cd19154e73a42af8e914c024f0f3770ccce4c","","0","0.000000000000001","0","0.000157715","0","","","",""
"0xec1fea873a0d1cb44e2aa2f08bf8e29e6d73a08ba47f38de832d6ad3f5ec9ecb","18741010","1590575588","2020-05-27 10:33:08","0x5dbabe19dd1fedba1b20047059dcd755d8221bf7","0xc18cd19154e73a42af8e914c024f0f3770ccce4c","","0","0.0000000000000003","0","0.000082715","0","","","",""
"0x767ca40dee7c6c57b4395bb1b277458d353b3d7b9af5c8bb3786e6ca88382beb","18741036","1590575760","2020-05-27 10:36:00","0x5dbabe19dd1fedba1b20047059dcd755d8221bf7","0xc18cd19154e73a42af8e914c024f0f3770ccce4c","","0","0.0000000000000005","0","0.000082715","0","","","",""
"0x3b819cb0ff3d80a1487f7b3c27baaccd160291f6980f585836e020396a60c9fc","18741050","1590575856","2020-05-27 10:37:36","0x5dbabe19dd1fedba1b20047059dcd755d8221bf7","0xc18cd19154e73a42af8e914c024f0f3770ccce4c","","0","0.0000000000000007","0","0.000082715","0","","","",""
"0x5a0a19d624003913266a02630bc5ec9e0cd752af50030e61180360b14e358d87","18741073","1590576008","2020-05-27 10:40:08","0x5dbabe19dd1fedba1b20047059dcd755d8221bf7","0xc18cd19154e73a42af8e914c024f0f3770ccce4c","","0","0.000000000000003","0","0.000082715","0","","","",""
"0x69c5aa48713c92b810c672078a9d7fd453328c7975399cf847cf8b5c7584d3aa","18741086","1590576096","2020-05-27 10:41:36","0x5dbabe19dd1fedba1b20047059dcd755d8221bf7","0xc18cd19154e73a42af8e914c024f0f3770ccce4c","","0","0.000000000000000055","0","0.000082715","0","","","",""
"0xdd68669cdcb10f0908054401c79aade610821187de408d4c2306a18a2c9b62aa","18741176","1590576696","2020-05-27 10:51:36","0x5dbabe19dd1fedba1b20047059dcd755d8221bf7","0xc18cd19154e73a42af8e914c024f0f3770ccce4c","","0","0.000000000000003","0","0.000082715","0","","","",""
"0xb390a7a12ff205f21b3868cdf4ae343574a69b9b31019512f8b89205fbe637b9","18741250","1590577188","2020-05-27 10:59:48","0x5dbabe19dd1fedba1b20047059dcd755d8221bf7","0x78eb6335d80c4856f1c36fddb82333962a51d691","","0","0","0","0.000024925","0","","","",""
"0xe8ad53a9ac8c701291d7898b8dfdfff9499d966f33fab652ce25ed0cf4bcce67","18741292","1590577468","2020-05-27 11:04:28","0x5dbabe19dd1fedba1b20047059dcd755d8221bf7","0x78eb6335d80c4856f1c36fddb82333962a51d691","","0","0","0","0.000224325","0","","","",""
"0xe15378c7f906b80707c67a302edd1f5512fd9a32fd1d0d463393ec28cc145852","18741307","1590577568","2020-05-27 11:06:08","0x5dbabe19dd1fedba1b20047059dcd755d8221bf7","0x78eb6335d80c4856f1c36fddb82333962a51d691","","0","0","0","0.000224325","0","","","",""
"0x5cadb433459d440a1dd9b7f51c12f2741af9a473e74a0adfc9f708c3879bf67a","18741326","1590577696","2020-05-27 11:08:16","0x5dbabe19dd1fedba1b20047059dcd755d8221bf7","0x78eb6335d80c4856f1c36fddb82333962a51d691","","0","0","0","0.000250308","0","","","",""
